Accession Number;GO;close GOSlim;close GOSlim name;path GOSlims
AT1G01120;GO:0016020;GO:0016020;membrane;GO:0016020 GO:0005575
AT1G02730;GO:0042546;GO:0042546;cell wall biogenesis;GO:0008150 GO:0042546 GO:0009987 GO:0044085 GO:0071554
AT1G26830;GO:0005515;GO:0005515;protein binding;GO:0003674 GO:0005488 GO:0005515
AT1G27320;GO:0006355;GO:0006355;regulation of transcription, DNA-templated;GO:0097659 GO:0043170 GO:0006351 GO:0009987 GO:0006139 GO:0050789 GO:0034641 GO:0050794 GO:0060255 GO:0010467 GO:0031323 GO:0009058 GO:0046483 GO:0008152 GO:0044237 GO:0051252 GO:0006355 GO:0009889 GO:0044271 GO:0016070 GO:0019438 GO:0018130 GO:0044238 GO:0008150 GO:0009059 GO:0019222 GO:0010556 GO:0006807 GO:0019219 GO:0010468 GO:0051171 GO:0006725 GO:0044249 GO:0065007 GO:0034654 GO:0044260 GO:0031326
AT1G27390;GO:0006626;GO:0006605;protein targeting;GO:0006886 GO:0045184 GO:0051234 GO:0006605 GO:0051649 GO:0007005 GO:0016043 GO:0051641 GO:0009987 GO:0033036 GO:0046907 GO:0051179 GO:0008104 GO:0006996 GO:0006810 GO:0015031 GO:0008150
AT1G27390;GO:0006626;GO:0006605;protein targeting;GO:0006886 GO:0045184 GO:0051234 GO:0006605 GO:0051649 GO:0007005 GO:0016043 GO:0051641 GO:0009987 GO:0033036 GO:0046907 GO:0051179 GO:0008104 GO:0006996 GO:0006810 GO:0015031 GO:0008150
AT1G28380;GO:0045087;GO:0006952;defense response;GO:0008150 GO:0050896 GO:0006952 GO:0006950 GO:0002376
AT1G29400;GO:0016558;GO:0006605;protein targeting;GO:0006886 GO:0045184 GO:0051234 GO:0006605 GO:0007031 GO:0051649 GO:0009987 GO:0051641 GO:0016043 GO:0033036 GO:0046907 GO:0008104 GO:0051179 GO:0006810 GO:0055085 GO:0006996 GO:0015031 GO:0017038 GO:0008150
AT1G31340;GO:0005886;GO:0005886;plasma membrane;GO:0005575 GO:0016020 GO:0044464 GO:0005623 GO:0005886
AT1G32450;GO:0010167;GO:0010035;response to inorganic substance;GO:0008150 GO:0010035 GO:0050896 GO:0001101 GO:0042221
AT1G02730;GO:0042546;GO:0042546;cell wall biogenesis;GO:0008150 GO:0042546 GO:0009987 GO:0044085 GO:0071554
AT1G34210;GO:0005886;GO:0005886;plasma membrane;GO:0005575 GO:0016020 GO:0044464 GO:0005623 GO:0005886
AT1G41830;GO:0042546;GO:0042546;cell wall biogenesis;GO:0008150 GO:0042546 GO:0009987 GO:0044085 GO:0071554
AT1G48605;GO:0042538;GO:0009651;response to salt stress;GO:0009628 GO:0050896 GO:0009651 GO:0006970 GO:0006950 GO:0008150
AT1G48910;GO:0055114;GO:0055114;oxidation-reduction process;GO:0055114 GO:0008152 GO:0008150
AT1G48910;GO:0055114;GO:0055114;oxidation-reduction process;GO:0055114 GO:0008152 GO:0008150
AT1G50010;GO:0003924;GO:0003924;GTPase activity;GO:0017111 GO:0008152 GO:0003924 GO:0016787 GO:0016818 GO:0016817 GO:0003824 GO:0016462 GO:0003674 GO:0008150
AT1G50010;GO:0003924;GO:0003924;GTPase activity;GO:0017111 GO:0008152 GO:0003924 GO:0016787 GO:0016818 GO:0016817 GO:0003824 GO:0016462 GO:0003674 GO:0008150
AT1G50010;GO:0003924;GO:0003924;GTPase activity;GO:0017111 GO:0008152 GO:0003924 GO:0016787 GO:0016818 GO:0016817 GO:0003824 GO:0016462 GO:0003674 GO:0008150
AT1G02730;GO:0042546;GO:0042546;cell wall biogenesis;GO:0008150 GO:0042546 GO:0009987 GO:0044085 GO:0071554
AT1G52520;GO:0005634;GO:0005634;nucleus;GO:0043229 GO:0005622 GO:0044424 GO:0043227 GO:0005575 GO:0005623 GO:0043226 GO:0044464 GO:0043231 GO:0005634
AT1G52740;GO:0009909;GO:0009908;flower development;GO:0032501 GO:0048856 GO:0009791 GO:0007275 GO:0000003 GO:0050789 GO:0032502 GO:0009908 GO:0065007 GO:0050793 GO:0022414 GO:0008150
AT1G53090;GO:0010100;GO:0048585;negative regulation of response to stimulus;GO:0032501 GO:0048585 GO:0009628 GO:0048583 GO:0009314 GO:0050896 GO:0009791 GO:0051093 GO:0007275 GO:0032502 GO:0050793 GO:0050789 GO:0065007 GO:0009416 GO:0048519 GO:0008150
AT1G53090;GO:0010100;GO:0048585;negative regulation of response to stimulus;GO:0032501 GO:0048585 GO:0009628 GO:0048583 GO:0009314 GO:0050896 GO:0009791 GO:0051093 GO:0007275 GO:0032502 GO:0050793 GO:0050789 GO:0065007 GO:0009416 GO:0048519 GO:0008150
AT1G53090;GO:0010100;GO:0048585;negative regulation of response to stimulus;GO:0032501 GO:0048585 GO:0009628 GO:0048583 GO:0009314 GO:0050896 GO:0009791 GO:0051093 GO:0007275 GO:0032502 GO:0050793 GO:0050789 GO:0065007 GO:0009416 GO:0048519 GO:0008150
AT1G53700;GO:0016301;GO:0016301;kinase activity;GO:0016310 GO:0016301 GO:0008152 GO:0044237 GO:0003824 GO:0016772 GO:0009987 GO:0006793 GO:0006796 GO:0016740 GO:0003674 GO:0008150
AT1G02730;GO:0042546;GO:0042546;cell wall biogenesis;GO:0008150 GO:0042546 GO:0009987 GO:0044085 GO:0071554
AT1G53700;GO:0016301;GO:0016301;kinase activity;GO:0016310 GO:0016301 GO:0008152 GO:0044237 GO:0003824 GO:0016772 GO:0009987 GO:0006793 GO:0006796 GO:0016740 GO:0003674 GO:0008150
AT1G54490;GO:0006139;GO:0006139;nucleobase-containing compound metabolic process;GO:0046483 GO:0008152 GO:0044237 GO:0006725 GO:0006139 GO:0009987 GO:0006807 GO:0034641 GO:0044238 GO:0008150
AT1G55610;GO:0004713;GO:0004713;protein tyrosine kinase activity;GO:0016310 GO:0043170 GO:0009987 GO:0006796 GO:0008152 GO:0044237 GO:0006793 GO:0043412 GO:0004672 GO:0004713 GO:0044238 GO:0016740 GO:0003674 GO:0008150 GO:0018108 GO:0018193 GO:0016773 GO:0003824 GO:0016301 GO:0044267 GO:0019538 GO:0006468 GO:0018212 GO:0006464 GO:0016772 GO:0044260
AT1G55610;GO:0004713;GO:0004713;protein tyrosine kinase activity;GO:0016310 GO:0043170 GO:0009987 GO:0006796 GO:0008152 GO:0044237 GO:0006793 GO:0043412 GO:0004672 GO:0004713 GO:0044238 GO:0016740 GO:0003674 GO:0008150 GO:0018108 GO:0018193 GO:0016773 GO:0003824 GO:0016301 GO:0044267 GO:0019538 GO:0006468 GO:0018212 GO:0006464 GO:0016772 GO:0044260
AT1G02730;GO:0042546;GO:0042546;cell wall biogenesis;GO:0008150 GO:0042546 GO:0009987 GO:0044085 GO:0071554
AT1G58200;GO:0006970;GO:0006970;response to osmotic stress;GO:0006950 GO:0050896 GO:0006970 GO:0009628 GO:0008150
AT1G61720;GO:0016491;GO:0016491;oxidoreductase activity;GO:0008152 GO:0055114 GO:0003824 GO:0016491 GO:0003674 GO:0008150
AT1G63650;GO:0009913;GO:0030154;cell differentiation;GO:0048856 GO:0009987 GO:0032502 GO:0048869 GO:0030154 GO:0008150
AT1G63650;GO:0009913;GO:0030154;cell differentiation;GO:0048856 GO:0009987 GO:0032502 GO:0048869 GO:0030154 GO:0008150
AT1G64760;GO:0031225;GO:0031224;intrinsic component of membrane;GO:0016020 GO:0031224 GO:0044425 GO:0005575
AT1G65480;GO:0005515;GO:0005515;protein binding;GO:0003674 GO:0005488 GO:0005515
AT1G65480;GO:0005515;GO:0005515;protein binding;GO:0003674 GO:0005488 GO:0005515
AT1G02880;GO:0006772;GO:0006772;thiamine metabolic process;GO:0006767 GO:0046483 GO:0042723 GO:0044281 GO:0044237 GO:0008152 GO:0006766 GO:0006725 GO:0006772 GO:0009987 GO:0006807 GO:0034641 GO:0006790 GO:0008150
AT1G65660;GO:0000398;GO:0000377;RNA splicing, via transesterification reactions with bulged adenosine as nucleophile;GO:0046483 GO:0043170 GO:0044237 GO:0006396 GO:0008152 GO:0044238 GO:0006139 GO:0016071 GO:0008380 GO:0016070 GO:0000377 GO:0034641 GO:0009987 GO:0006725 GO:0006807 GO:0010467 GO:0000375 GO:0044260 GO:0006397 GO:0008150
AT1G68050;GO:0005515;GO:0005515;protein binding;GO:0003674 GO:0005488 GO:0005515
AT1G03130;GO:0030003;GO:0030003;cellular cation homeostasis;GO:0055082 GO:0050801 GO:0048878 GO:0009987 GO:0019725 GO:0006873 GO:0042592 GO:0065007 GO:0030003 GO:0055080 GO:0065008 GO:0008150
AT1G70940;GO:0012506;GO:0031988;membrane-bounded vesicle;GO:0044422 GO:0031988 GO:0031982 GO:0016020 GO:0043227 GO:0005575 GO:0043226 GO:0031090
AT1G71890;GO:0022857;GO:0022857;transmembrane transporter activity;GO:0051234 GO:0009987 GO:0005215 GO:0022857 GO:0051179 GO:0055085 GO:0006810 GO:0003674 GO:0008150
AT1G73590;GO:0009506;GO:0055044;symplast;GO:0055044 GO:0005575
AT1G74490;GO:0004672;GO:0004672;protein kinase activity;GO:0016310 GO:0043170 GO:0009987 GO:0006796 GO:0008152 GO:0044237 GO:0006793 GO:0043412 GO:0004672 GO:0044238 GO:0016740 GO:0003674 GO:0008150 GO:0016773 GO:0003824 GO:0016301 GO:0044267 GO:0019538 GO:0006468 GO:0006464 GO:0016772 GO:0044260
AT1G75780;GO:0010498;GO:0051603;proteolysis involved in cellular protein catabolic process;GO:0043170 GO:0008152 GO:0044237 GO:0051603 GO:0044238 GO:0008150 GO:0030163 GO:0019538 GO:0009987 GO:0044248 GO:0006508 GO:0044265 GO:0044267 GO:0044260 GO:0009056 GO:0044257 GO:0009057
AT1G75780;GO:0010498;GO:0051603;proteolysis involved in cellular protein catabolic process;GO:0043170 GO:0008152 GO:0044237 GO:0051603 GO:0044238 GO:0008150 GO:0030163 GO:0019538 GO:0009987 GO:0044248 GO:0006508 GO:0044265 GO:0044267 GO:0044260 GO:0009056 GO:0044257 GO:0009057
AT1G75780;GO:0010498;GO:0051603;proteolysis involved in cellular protein catabolic process;GO:0043170 GO:0008152 GO:0044237 GO:0051603 GO:0044238 GO:0008150 GO:0030163 GO:0019538 GO:0009987 GO:0044248 GO:0006508 GO:0044265 GO:0044267 GO:0044260 GO:0009056 GO:0044257 GO:0009057
AT1G75850;GO:0006886;GO:0006886;intracellular protein transport;GO:0006886 GO:0045184 GO:0051234 GO:0051649 GO:0051641 GO:0033036 GO:0046907 GO:0008104 GO:0051179 GO:0006810 GO:0015031 GO:0008150
AT1G75850;GO:0006886;GO:0006886;intracellular protein transport;GO:0006886 GO:0045184 GO:0051234 GO:0051649 GO:0051641 GO:0033036 GO:0046907 GO:0008104 GO:0051179 GO:0006810 GO:0015031 GO:0008150
AT2G02220;GO:0016772;GO:0016772;transferase activity, transferring phosphorus-containing groups;GO:0008152 GO:0003824 GO:0016772 GO:0016740 GO:0003674 GO:0008150
AT2G16500;GO:0048316;GO:0009791;post-embryonic development;GO:0032501 GO:0048856 GO:0009791 GO:0007275 GO:0000003 GO:0032502 GO:0022414 GO:0008150
AT2G16640;GO:0009887;GO:0009653;anatomical structure morphogenesis;GO:0032501 GO:0048856 GO:0007275 GO:0032502 GO:0009653 GO:0008150
AT1G01280;GO:0010584;GO:0045229;external encapsulating structure organization;GO:0032501 GO:0030198 GO:0045229 GO:0048856 GO:0022607 GO:0048646 GO:0043062 GO:0008150 GO:0016043 GO:0009987 GO:0044085 GO:0032502 GO:0048869 GO:0009653 GO:0032989 GO:0007275
AT1G04240;GO:0005634;GO:0005634;nucleus;GO:0043229 GO:0005622 GO:0044424 GO:0043227 GO:0005575 GO:0005623 GO:0043226 GO:0044464 GO:0043231 GO:0005634
AT2G17290;GO:0016020;GO:0016020;membrane;GO:0016020 GO:0005575
AT2G17420;GO:0004791;GO:0004791;thioredoxin-disulfide reductase activity;GO:0016651 GO:0098754 GO:0016668 GO:0008152 GO:0009636 GO:0050896 GO:0009987 GO:0055114 GO:0042221 GO:0004791 GO:0016667 GO:0003824 GO:0016491 GO:0016209 GO:0003674 GO:0008150
AT2G17790;GO:0042147;GO:0016197;endosomal transport;GO:0016192 GO:0051234 GO:0051649 GO:0051641 GO:0016197 GO:0046907 GO:0051179 GO:0006810 GO:0008150
AT2G19490;GO:0005739;GO:0005739;mitochondrion;GO:0043229 GO:0044444 GO:0005622 GO:0005739 GO:0044424 GO:0043227 GO:0005575 GO:0005737 GO:0005623 GO:0043226 GO:0044464 GO:0043231
AT2G22310;GO:0004843;GO:0019783;ubiquitin-like protein-specific protease activity;GO:0070011 GO:0008152 GO:0043170 GO:0044238 GO:0016787 GO:0008234 GO:0006508 GO:0003824 GO:0019783 GO:0008233 GO:0003674 GO:0019538 GO:0008150
AT2G22540;GO:0045893;GO:0045893;positive regulation of transcription, DNA-templated;GO:0048518 GO:0097659 GO:0043170 GO:0006351 GO:0009987 GO:0006139 GO:0050789 GO:0034641 GO:0050794 GO:0060255 GO:0010467 GO:0031323 GO:0009058 GO:0046483 GO:0008152 GO:0044237 GO:0051252 GO:0006355 GO:0009889 GO:0044271 GO:0016070 GO:0045893 GO:0019438 GO:0018130 GO:0044238 GO:0009893 GO:0031328 GO:0008150 GO:0009059 GO:0051254 GO:0019222 GO:0010556 GO:0006807 GO:0031325 GO:0009891 GO:0019219 GO:0010468 GO:0048522 GO:0006725 GO:0044249 GO:0045935 GO:0051171 GO:0065007 GO:0034654 GO:0044260 GO:0031326
AT2G22780;GO:0031998;GO:0006635;fatty acid beta-oxidation;GO:0016042 GO:0016054 GO:0032787 GO:0009987 GO:0050789 GO:0050794 GO:0031323 GO:0009062 GO:0019395 GO:0044237 GO:0008152 GO:0019216 GO:0031329 GO:0006629 GO:0046395 GO:0042180 GO:0044242 GO:0044238 GO:0008150 GO:0009894 GO:0019752 GO:0019222 GO:0006635 GO:0006631 GO:0009056 GO:0006082 GO:0046320 GO:0019217 GO:0044281 GO:0055114 GO:0044248 GO:0065007 GO:0030258 GO:0043436 GO:0044255
AT2G23150;GO:0005794;GO:0005794;Golgi apparatus;GO:0012505 GO:0043229 GO:0005794 GO:0044444 GO:0005622 GO:0044424 GO:0043227 GO:0005575 GO:0005737 GO:0005623 GO:0043226 GO:0044464 GO:0043231
AT2G23760;GO:0043565;GO:0043565;sequence-specific DNA binding;GO:0043565 GO:0003676 GO:0003674 GO:0005488 GO:0003677
AT2G26080;GO:0009507;GO:0009536;plastid;GO:0043229 GO:0044444 GO:0005622 GO:0009536 GO:0044424 GO:0043227 GO:0005575 GO:0005737 GO:0005623 GO:0043226 GO:0044464 GO:0043231
AT1G04250;GO:0003700;GO:0003700;transcription factor activity, sequence-specific DNA binding;GO:0001071 GO:0097659 GO:0043170 GO:0006351 GO:0006139 GO:0009987 GO:0050789 GO:0034641 GO:0050794 GO:0060255 GO:0010467 GO:0031323 GO:0009058 GO:0046483 GO:0008152 GO:0044237 GO:0051252 GO:0006355 GO:0009889 GO:0044271 GO:0016070 GO:0019438 GO:0018130 GO:0044238 GO:0003674 GO:0008150 GO:0009059 GO:0019222 GO:0003700 GO:0010556 GO:0006807 GO:0019219 GO:0010468 GO:0051171 GO:0006725 GO:0044249 GO:0065007 GO:0034654 GO:0044260 GO:0031326
AT2G26330;GO:0004674;GO:0004674;protein serine/threonine kinase activity;GO:0016310 GO:0043170 GO:0009987 GO:0006796 GO:0004674 GO:0044237 GO:0008152 GO:0006793 GO:0043412 GO:0004672 GO:0044238 GO:0016740 GO:0003674 GO:0008150 GO:0016773 GO:0003824 GO:0016301 GO:0044267 GO:0019538 GO:0006468 GO:0006464 GO:0016772 GO:0044260
AT2G29090;GO:0009507;GO:0009536;plastid;GO:0043229 GO:0044444 GO:0005622 GO:0009536 GO:0044424 GO:0043227 GO:0005575 GO:0005737 GO:0005623 GO:0043226 GO:0044464 GO:0043231
AT2G29090;GO:0009507;GO:0009536;plastid;GO:0043229 GO:0044444 GO:0005622 GO:0009536 GO:0044424 GO:0043227 GO:0005575 GO:0005737 GO:0005623 GO:0043226 GO:0044464 GO:0043231
AT2G29130;GO:0009414;GO:0009414;response to water deprivation;GO:0009415 GO:0009628 GO:0009414 GO:0001101 GO:0050896 GO:0042221 GO:0010035 GO:0006950 GO:0008150
AT2G30420;GO:0006355;GO:0006355;regulation of transcription, DNA-templated;GO:0097659 GO:0043170 GO:0006351 GO:0009987 GO:0006139 GO:0050789 GO:0034641 GO:0050794 GO:0060255 GO:0010467 GO:0031323 GO:0009058 GO:0046483 GO:0008152 GO:0044237 GO:0051252 GO:0006355 GO:0009889 GO:0044271 GO:0016070 GO:0019438 GO:0018130 GO:0044238 GO:0008150 GO:0009059 GO:0019222 GO:0010556 GO:0006807 GO:0019219 GO:0010468 GO:0051171 GO:0006725 GO:0044249 GO:0065007 GO:0034654 GO:0044260 GO:0031326
AT2G30420;GO:0006355;GO:0006355;regulation of transcription, DNA-templated;GO:0097659 GO:0043170 GO:0006351 GO:0009987 GO:0006139 GO:0050789 GO:0034641 GO:0050794 GO:0060255 GO:0010467 GO:0031323 GO:0009058 GO:0046483 GO:0008152 GO:0044237 GO:0051252 GO:0006355 GO:0009889 GO:0044271 GO:0016070 GO:0019438 GO:0018130 GO:0044238 GO:0008150 GO:0009059 GO:0019222 GO:0010556 GO:0006807 GO:0019219 GO:0010468 GO:0051171 GO:0006725 GO:0044249 GO:0065007 GO:0034654 GO:0044260 GO:0031326
AT2G30420;GO:0006355;GO:0006355;regulation of transcription, DNA-templated;GO:0097659 GO:0043170 GO:0006351 GO:0009987 GO:0006139 GO:0050789 GO:0034641 GO:0050794 GO:0060255 GO:0010467 GO:0031323 GO:0009058 GO:0046483 GO:0008152 GO:0044237 GO:0051252 GO:0006355 GO:0009889 GO:0044271 GO:0016070 GO:0019438 GO:0018130 GO:0044238 GO:0008150 GO:0009059 GO:0019222 GO:0010556 GO:0006807 GO:0019219 GO:0010468 GO:0051171 GO:0006725 GO:0044249 GO:0065007 GO:0034654 GO:0044260 GO:0031326
AT2G30432;GO:2000039;GO:0022603;regulation of anatomical structure morphogenesis;GO:0032501 GO:0048856 GO:0008150 GO:0000902 GO:0016043 GO:0009987 GO:0050789 GO:0032502 GO:0048869 GO:0022603 GO:0048468 GO:0051128 GO:0009653 GO:0050794 GO:0032989 GO:0045595 GO:0030154 GO:0022604 GO:0050793 GO:0065007 GO:0007275
AT2G30432;GO:2000039;GO:0022603;regulation of anatomical structure morphogenesis;GO:0032501 GO:0048856 GO:0008150 GO:0000902 GO:0016043 GO:0009987 GO:0050789 GO:0032502 GO:0048869 GO:0022603 GO:0048468 GO:0051128 GO:0009653 GO:0050794 GO:0032989 GO:0045595 GO:0030154 GO:0022604 GO:0050793 GO:0065007 GO:0007275
AT2G30470;GO:0009744;GO:0010033;response to organic substance;GO:0008150 GO:0050896 GO:0010033 GO:0042221
AT2G34650;GO:0048443;GO:0009908;flower development;GO:0032501 GO:0048856 GO:0008150 GO:0009791 GO:0032502 GO:0009908 GO:0022414 GO:0000003 GO:0007275
AT2G35690;GO:0055114;GO:0055114;oxidation-reduction process;GO:0055114 GO:0008152 GO:0008150
AT2G37040;GO:0045548;GO:0016841;ammonia-lyase activity;GO:0008152 GO:0003674 GO:0016841 GO:0016840 GO:0003824 GO:0016829 GO:0008150
AT2G38230;GO:0008152;GO:0008152;metabolic process;GO:0008152 GO:0008150
AT2G41940;GO:0031348;GO:0006952;defense response;GO:0048585 GO:0080134 GO:0048583 GO:0050896 GO:0006952 GO:0050789 GO:0065007 GO:0048519 GO:0006950 GO:0008150
AT2G41940;GO:0031348;GO:0006952;defense response;GO:0048585 GO:0080134 GO:0048583 GO:0050896 GO:0006952 GO:0050789 GO:0065007 GO:0048519 GO:0006950 GO:0008150
AT2G42830;GO:0010093;GO:0000003;reproduction;GO:0032501 GO:0048856 GO:0048646 GO:0007275 GO:0009791 GO:0000003 GO:0032502 GO:0009908 GO:0009653 GO:0022414 GO:0008150
AT1G04820;GO:0005829;GO:0005829;cytosol;GO:0005622 GO:0044444 GO:0044424 GO:0005829 GO:0005737 GO:0005623 GO:0044464 GO:0005575
AT2G43790;GO:0005634;GO:0005634;nucleus;GO:0043229 GO:0005622 GO:0044424 GO:0043227 GO:0005575 GO:0005623 GO:0043226 GO:0044464 GO:0043231 GO:0005634
AT2G44900;GO:0005634;GO:0005634;nucleus;GO:0043229 GO:0005622 GO:0044424 GO:0043227 GO:0005575 GO:0005623 GO:0043226 GO:0044464 GO:0043231 GO:0005634
AT2G45280;GO:0000724;GO:0000724;double-strand break repair via homologous recombination;GO:0033554 GO:0043170 GO:0006139 GO:0009987 GO:0034641 GO:0006950 GO:0046483 GO:0008152 GO:0044237 GO:0044238 GO:0006281 GO:0008150 GO:0006807 GO:0006259 GO:0000725 GO:0000724 GO:0006725 GO:0006310 GO:0006974 GO:0050896 GO:0051716 GO:0006302 GO:0044260
AT2G46340;GO:0048575;GO:0022414;reproductive process;GO:0032501 GO:0009628 GO:0048856 GO:0009314 GO:0050896 GO:0009791 GO:0007275 GO:0032502 GO:0009416 GO:0022414 GO:0000003 GO:0008150
AT2G46340;GO:0048575;GO:0022414;reproductive process;GO:0032501 GO:0009628 GO:0048856 GO:0009314 GO:0050896 GO:0009791 GO:0007275 GO:0032502 GO:0009416 GO:0022414 GO:0000003 GO:0008150
AT2G46410;GO:0005634;GO:0005634;nucleus;GO:0043229 GO:0005622 GO:0044424 GO:0043227 GO:0005575 GO:0005623 GO:0043226 GO:0044464 GO:0043231 GO:0005634
AT2G46770;GO:0009901;GO:0048856;anatomical structure development;GO:0032501 GO:0048856 GO:0007275 GO:0009791 GO:0000003 GO:0032502 GO:0009908 GO:0022414 GO:0008150
AT3G01650;GO:0080148;GO:0009414;response to water deprivation;GO:0009415 GO:0048585 GO:0080134 GO:0009628 GO:0009414 GO:0001101 GO:0048583 GO:0050896 GO:0050789 GO:0042221 GO:0010035 GO:0065007 GO:0048519 GO:0006950 GO:0008150
AT3G02000;GO:0045454;GO:0045454;cell redox homeostasis;GO:0009987 GO:0050789 GO:0019725 GO:0065007 GO:0050794 GO:0045454 GO:0042592 GO:0065008 GO:0008150
AT3G02230;GO:0030244;GO:0030244;cellulose biosynthetic process;GO:0051274 GO:0043170 GO:0000271 GO:0009987 GO:0009058 GO:0016051 GO:0033692 GO:0051273 GO:0044042 GO:0008152 GO:0044237 GO:0030244 GO:0044262 GO:0005975 GO:0044238 GO:0008150 GO:0009059 GO:0006073 GO:0030243 GO:0009250 GO:0044249 GO:0044260 GO:0044264 GO:0005976
AT3G03050;GO:0030244;GO:0030244;cellulose biosynthetic process;GO:0051274 GO:0043170 GO:0000271 GO:0009987 GO:0009058 GO:0016051 GO:0033692 GO:0051273 GO:0044042 GO:0008152 GO:0044237 GO:0030244 GO:0044262 GO:0005975 GO:0044238 GO:0008150 GO:0009059 GO:0006073 GO:0030243 GO:0009250 GO:0044249 GO:0044260 GO:0044264 GO:0005976
AT3G03050;GO:0030244;GO:0030244;cellulose biosynthetic process;GO:0051274 GO:0043170 GO:0000271 GO:0009987 GO:0009058 GO:0016051 GO:0033692 GO:0051273 GO:0044042 GO:0008152 GO:0044237 GO:0030244 GO:0044262 GO:0005975 GO:0044238 GO:0008150 GO:0009059 GO:0006073 GO:0030243 GO:0009250 GO:0044249 GO:0044260 GO:0044264 GO:0005976
AT3G03050;GO:0030244;GO:0030244;cellulose biosynthetic process;GO:0051274 GO:0043170 GO:0000271 GO:0009987 GO:0009058 GO:0016051 GO:0033692 GO:0051273 GO:0044042 GO:0008152 GO:0044237 GO:0030244 GO:0044262 GO:0005975 GO:0044238 GO:0008150 GO:0009059 GO:0006073 GO:0030243 GO:0009250 GO:0044249 GO:0044260 GO:0044264 GO:0005976
AT3G03050;GO:0030244;GO:0030244;cellulose biosynthetic process;GO:0051274 GO:0043170 GO:0000271 GO:0009987 GO:0009058 GO:0016051 GO:0033692 GO:0051273 GO:0044042 GO:0008152 GO:0044237 GO:0030244 GO:0044262 GO:0005975 GO:0044238 GO:0008150 GO:0009059 GO:0006073 GO:0030243 GO:0009250 GO:0044249 GO:0044260 GO:0044264 GO:0005976
AT3G03050;GO:0030244;GO:0030244;cellulose biosynthetic process;GO:0051274 GO:0043170 GO:0000271 GO:0009987 GO:0009058 GO:0016051 GO:0033692 GO:0051273 GO:0044042 GO:0008152 GO:0044237 GO:0030244 GO:0044262 GO:0005975 GO:0044238 GO:0008150 GO:0009059 GO:0006073 GO:0030243 GO:0009250 GO:0044249 GO:0044260 GO:0044264 GO:0005976
AT1G04820;GO:0005829;GO:0005829;cytosol;GO:0005622 GO:0044444 GO:0044424 GO:0005829 GO:0005737 GO:0005623 GO:0044464 GO:0005575
AT3G03050;GO:0030244;GO:0030244;cellulose biosynthetic process;GO:0051274 GO:0043170 GO:0000271 GO:0009987 GO:0009058 GO:0016051 GO:0033692 GO:0051273 GO:0044042 GO:0008152 GO:0044237 GO:0030244 GO:0044262 GO:0005975 GO:0044238 GO:0008150 GO:0009059 GO:0006073 GO:0030243 GO:0009250 GO:0044249 GO:0044260 GO:0044264 GO:0005976
AT3G03050;GO:0030244;GO:0030244;cellulose biosynthetic process;GO:0051274 GO:0043170 GO:0000271 GO:0009987 GO:0009058 GO:0016051 GO:0033692 GO:0051273 GO:0044042 GO:0008152 GO:0044237 GO:0030244 GO:0044262 GO:0005975 GO:0044238 GO:0008150 GO:0009059 GO:0006073 GO:0030243 GO:0009250 GO:0044249 GO:0044260 GO:0044264 GO:0005976
AT3G04080;GO:0005768;GO:0005768;endosome;GO:0012505 GO:0043229 GO:0044444 GO:0005622 GO:0044424 GO:0043227 GO:0005768 GO:0005575 GO:0005737 GO:0005623 GO:0043226 GO:0044464 GO:0043231
AT3G05120;GO:0009739;GO:0001101;response to acid chemical;GO:0001101 GO:0050896 GO:0042221 GO:0010033 GO:0009719 GO:0008150
AT3G05120;GO:0009739;GO:0001101;response to acid chemical;GO:0001101 GO:0050896 GO:0042221 GO:0010033 GO:0009719 GO:0008150
AT3G05630;GO:0045892;GO:0045892;negative regulation of transcription, DNA-templated;GO:0097659 GO:0043170 GO:0006351 GO:0009987 GO:0006139 GO:0050789 GO:0034641 GO:0050794 GO:0060255 GO:0010467 GO:0031323 GO:0009058 GO:0051253 GO:0046483 GO:0009892 GO:0008152 GO:0044237 GO:0051252 GO:0006355 GO:0009889 GO:0044271 GO:0016070 GO:0045892 GO:0045934 GO:0019438 GO:0018130 GO:0044238 GO:0009890 GO:0008150 GO:0009059 GO:0019222 GO:0031324 GO:0010556 GO:0006807 GO:0019219 GO:0010468 GO:0006725 GO:0051171 GO:0044249 GO:0048523 GO:0065007 GO:0031327 GO:0034654 GO:0048519 GO:0044260 GO:0031326
AT3G06860;GO:0016508;GO:0016836;hydro-lyase activity;GO:0008152 GO:0016829 GO:0016835 GO:0003824 GO:0016836 GO:0003674 GO:0008150
AT3G07780;GO:0046740;GO:0046740;transport of virus in host, cell to cell;GO:0044403 GO:0051234 GO:0052126 GO:0044419 GO:0040011 GO:0009987 GO:0016032 GO:0046740 GO:0044000 GO:0046794 GO:0051814 GO:0046739 GO:0051179 GO:0051701 GO:0051704 GO:0006810 GO:0052192 GO:0008150
AT3G07980;GO:0016301;GO:0016301;kinase activity;GO:0016310 GO:0016301 GO:0008152 GO:0044237 GO:0003824 GO:0016772 GO:0009987 GO:0006793 GO:0006796 GO:0016740 GO:0003674 GO:0008150
AT3G09820;GO:0016020;GO:0016020;membrane;GO:0016020 GO:0005575
AT1G04820;GO:0005829;GO:0005829;cytosol;GO:0005622 GO:0044444 GO:0044424 GO:0005829 GO:0005737 GO:0005623 GO:0044464 GO:0005575
AT3G10270;GO:0003918;GO:0003918;DNA topoisomerase type II (ATP-hydrolyzing) activity;GO:0003918 GO:0017111 GO:0008152 GO:0016787 GO:0042623 GO:0003916 GO:0016853 GO:0016818 GO:0016817 GO:0003824 GO:0016887 GO:0008094 GO:0016462 GO:0003674 GO:0008150
AT3G11440;GO:0005634;GO:0005634;nucleus;GO:0043229 GO:0005622 GO:0044424 GO:0043227 GO:0005575 GO:0005623 GO:0043226 GO:0044464 GO:0043231 GO:0005634
AT3G13730;GO:0016705;GO:0016705;oxidoreductase activity, acting on paired donors, with incorporation or reduction of molecular oxygen;GO:0016705 GO:0008152 GO:0055114 GO:0003824 GO:0016491 GO:0003674 GO:0008150
AT3G15354;GO:0005834;GO:0005834;heterotrimeric G-protein complex;GO:0044425 GO:0009898 GO:0005622 GO:0019898 GO:0032991 GO:0005886 GO:0043234 GO:0044424 GO:0016020 GO:0005834 GO:0019897 GO:0005623 GO:0044464 GO:0005575 GO:0044459
AT3G18780;GO:0006094;GO:0006094;gluconeogenesis;GO:0044281 GO:0008152 GO:0019318 GO:0005996 GO:0046364 GO:0006094 GO:0005975 GO:0009058 GO:0044238 GO:0019319 GO:0016051 GO:0006006 GO:0008150
AT3G18780;GO:0006094;GO:0006094;gluconeogenesis;GO:0044281 GO:0008152 GO:0019318 GO:0005996 GO:0046364 GO:0006094 GO:0005975 GO:0009058 GO:0044238 GO:0019319 GO:0016051 GO:0006006 GO:0008150
AT3G19450;GO:0000166;GO:0000166;nucleotide binding;GO:0000166 GO:0003674 GO:0005488
AT1G01280;GO:0010584;GO:0045229;external encapsulating structure organization;GO:0032501 GO:0030198 GO:0045229 GO:0048856 GO:0022607 GO:0048646 GO:0043062 GO:0008150 GO:0016043 GO:0009987 GO:0044085 GO:0032502 GO:0048869 GO:0009653 GO:0032989 GO:0007275
AT1G04820;GO:0005829;GO:0005829;cytosol;GO:0005622 GO:0044444 GO:0044424 GO:0005829 GO:0005737 GO:0005623 GO:0044464 GO:0005575
AT3G22840;GO:0010224;GO:0009411;response to UV;GO:0009628 GO:0009314 GO:0050896 GO:0009416 GO:0009411 GO:0008150
AT3G22880;GO:0003677;GO:0003677;DNA binding;GO:0003676 GO:0003674 GO:0005488 GO:0003677
AT3G23670;GO:0048451;GO:0048646;anatomical structure formation involved in morphogenesis;GO:0032501 GO:0048856 GO:0048646 GO:0009791 GO:0007275 GO:0032502 GO:0009908 GO:0009653 GO:0022414 GO:0000003 GO:0008150
AT3G27080;GO:0005515;GO:0005515;protein binding;GO:0003674 GO:0005488 GO:0005515
AT3G27920;GO:0003677;GO:0003677;DNA binding;GO:0003676 GO:0003674 GO:0005488 GO:0003677
AT3G27920;GO:0003677;GO:0003677;DNA binding;GO:0003676 GO:0003674 GO:0005488 GO:0003677
AT3G30180;GO:0019825;GO:0019825;oxygen binding;GO:0003674 GO:0005488 GO:0019825
AT3G30180;GO:0019825;GO:0019825;oxygen binding;GO:0003674 GO:0005488 GO:0019825
AT3G43190;GO:0009862;GO:0007165;signal transduction;GO:0006952 GO:0009987 GO:0007154 GO:0050789 GO:0042221 GO:0050794 GO:0006950 GO:0071310 GO:0002376 GO:0023052 GO:0010033 GO:0009605 GO:0008150 GO:0070887 GO:0009607 GO:0051704 GO:0043207 GO:0051707 GO:0001101 GO:0050896 GO:0051716 GO:0007165 GO:0065007 GO:0071229
AT3G47460;GO:0010267;GO:0006396;RNA processing;GO:0043170 GO:0006139 GO:0009987 GO:0050789 GO:0042221 GO:0034641 GO:0060255 GO:0010467 GO:0046483 GO:0008152 GO:0044237 GO:0006396 GO:0071310 GO:0009892 GO:0016070 GO:0044238 GO:0010033 GO:0008150 GO:0016458 GO:0070887 GO:0040029 GO:0019222 GO:0006807 GO:0010468 GO:0050896 GO:0006725 GO:0051716 GO:0065007 GO:0048519 GO:0044260
AT3G47690;GO:0009574;GO:0015630;microtubule cytoskeleton;GO:0044430 GO:0043229 GO:0044422 GO:0043232 GO:0044444 GO:0015630 GO:0005622 GO:0044446 GO:0005856 GO:0044424 GO:0005737 GO:0005623 GO:0043228 GO:0043226 GO:0044464 GO:0005575
AT3G48780;GO:0004758;GO:0016409;palmitoyltransferase activity;GO:0016409 GO:0016408 GO:0008152 GO:0016746 GO:0003824 GO:0016747 GO:0016740 GO:0003674 GO:0008150
AT3G49670;GO:0009664;GO:0071555;cell wall organization;GO:0071555 GO:0045229 GO:0016043 GO:0009987 GO:0071554 GO:0008150
AT3G50070;GO:0048316;GO:0009791;post-embryonic development;GO:0032501 GO:0048856 GO:0009791 GO:0007275 GO:0000003 GO:0032502 GO:0022414 GO:0008150
AT3G50070;GO:0048316;GO:0009791;post-embryonic development;GO:0032501 GO:0048856 GO:0009791 GO:0007275 GO:0000003 GO:0032502 GO:0022414 GO:0008150
AT3G50820;GO:0042549;GO:0010109;regulation of photosynthesis;GO:0008152 GO:0044237 GO:0015979 GO:0019222 GO:0009987 GO:0050789 GO:0006091 GO:0010109 GO:0065007 GO:0050794 GO:0031323 GO:0008150
AT3G51060;GO:0045893;GO:0045893;positive regulation of transcription, DNA-templated;GO:0048518 GO:0097659 GO:0043170 GO:0006351 GO:0009987 GO:0006139 GO:0050789 GO:0034641 GO:0050794 GO:0060255 GO:0010467 GO:0031323 GO:0009058 GO:0046483 GO:0008152 GO:0044237 GO:0051252 GO:0006355 GO:0009889 GO:0044271 GO:0016070 GO:0045893 GO:0019438 GO:0018130 GO:0044238 GO:0009893 GO:0031328 GO:0008150 GO:0009059 GO:0051254 GO:0019222 GO:0010556 GO:0006807 GO:0031325 GO:0009891 GO:0019219 GO:0010468 GO:0048522 GO:0006725 GO:0044249 GO:0045935 GO:0051171 GO:0065007 GO:0034654 GO:0044260 GO:0031326
AT3G51570;GO:0043531;GO:0032550;purine ribonucleoside binding;GO:0000166 GO:0032553 GO:0043167 GO:0032550 GO:0005488 GO:0043168 GO:0032559 GO:0030554 GO:0032549 GO:0001882 GO:0032555 GO:0003674 GO:0017076
AT3G51570;GO:0043531;GO:0032550;purine ribonucleoside binding;GO:0000166 GO:0032553 GO:0043167 GO:0032550 GO:0005488 GO:0043168 GO:0032559 GO:0030554 GO:0032549 GO:0001882 GO:0032555 GO:0003674 GO:0017076
AT3G51570;GO:0043531;GO:0032550;purine ribonucleoside binding;GO:0000166 GO:0032553 GO:0043167 GO:0032550 GO:0005488 GO:0043168 GO:0032559 GO:0030554 GO:0032549 GO:0001882 GO:0032555 GO:0003674 GO:0017076
AT3G54340;GO:0010093;GO:0000003;reproduction;GO:0032501 GO:0048856 GO:0048646 GO:0007275 GO:0009791 GO:0000003 GO:0032502 GO:0009908 GO:0009653 GO:0022414 GO:0008150
AT3G57230;GO:0008134;GO:0008134;transcription factor binding;GO:0005488 GO:0003674 GO:0005515 GO:0008134
AT3G58070;GO:0006355;GO:0006355;regulation of transcription, DNA-templated;GO:0097659 GO:0043170 GO:0006351 GO:0009987 GO:0006139 GO:0050789 GO:0034641 GO:0050794 GO:0060255 GO:0010467 GO:0031323 GO:0009058 GO:0046483 GO:0008152 GO:0044237 GO:0051252 GO:0006355 GO:0009889 GO:0044271 GO:0016070 GO:0019438 GO:0018130 GO:0044238 GO:0008150 GO:0009059 GO:0019222 GO:0010556 GO:0006807 GO:0019219 GO:0010468 GO:0051171 GO:0006725 GO:0044249 GO:0065007 GO:0034654 GO:0044260 GO:0031326
AT1G05580;GO:0006812;GO:0006812;cation transport;GO:0051234 GO:0006812 GO:0051179 GO:0006811 GO:0006810 GO:0008150
AT3G63010;GO:0010325;GO:0009312;oligosaccharide biosynthetic process;GO:0008152 GO:0009311 GO:0009312 GO:0005975 GO:0044238 GO:0009058 GO:0016051 GO:0008150
AT4G00600;GO:0009396;GO:0009396;folic acid-containing compound biosynthetic process;GO:0009987 GO:0016053 GO:0042558 GO:0034641 GO:0042559 GO:0009058 GO:0046483 GO:0006760 GO:0008152 GO:0044237 GO:0044271 GO:0019438 GO:0018130 GO:0044238 GO:0043603 GO:0051188 GO:0008150 GO:0008652 GO:0019752 GO:0006807 GO:0006732 GO:0009108 GO:0006082 GO:0044281 GO:0006725 GO:0009396 GO:0006575 GO:0044249 GO:0051186 GO:0046394 GO:0043436 GO:0042398 GO:0006520
AT4G00730;GO:0048364;GO:0032502;developmental process;GO:0032501 GO:0008150 GO:0048856 GO:0032502 GO:0007275
AT4G05190;GO:0051258;GO:0051258;protein polymerization;GO:0022607 GO:0016043 GO:0044085 GO:0009987 GO:0051258 GO:0043933 GO:0006461 GO:0065003 GO:0070271 GO:0034622 GO:0043623 GO:0008150
AT4G09820;GO:0009962;GO:0009962;regulation of flavonoid biosynthetic process;GO:0008152 GO:0009889 GO:0019222 GO:0009812 GO:0009813 GO:0050789 GO:0065007 GO:0044238 GO:0009058 GO:0009962 GO:0008150
AT4G11960;GO:0015996;GO:0015996;chlorophyll catabolic process;GO:0046483 GO:0006778 GO:0044237 GO:0008152 GO:0006725 GO:0046149 GO:0009987 GO:0042440 GO:0006807 GO:0044248 GO:0015996 GO:0051186 GO:0051187 GO:0046700 GO:0034641 GO:0015994 GO:0044270 GO:0006787 GO:0009056 GO:0019439 GO:0008150
AT4G14713;GO:0048366;GO:0048856;anatomical structure development;GO:0032501 GO:0008150 GO:0048856 GO:0032502 GO:0007275
AT1G05630;GO:0005634;GO:0005634;nucleus;GO:0043229 GO:0005622 GO:0044424 GO:0043227 GO:0005575 GO:0005623 GO:0043226 GO:0044464 GO:0043231 GO:0005634
AT4G14960;GO:0007018;GO:0007017;microtubule-based process;GO:0009987 GO:0007017 GO:0006928 GO:0008150
AT4G14960;GO:0007018;GO:0007017;microtubule-based process;GO:0009987 GO:0007017 GO:0006928 GO:0008150
AT4G17730;GO:0005774;GO:0005774;vacuolar membrane;GO:0098805 GO:0043229 GO:0044422 GO:0005774 GO:0044444 GO:0005622 GO:0044437 GO:0044446 GO:0005773 GO:0005623 GO:0044424 GO:0016020 GO:0043227 GO:0005575 GO:0005737 GO:0043231 GO:0043226 GO:0044464 GO:0031090
AT4G17730;GO:0005774;GO:0005774;vacuolar membrane;GO:0098805 GO:0043229 GO:0044422 GO:0005774 GO:0044444 GO:0005622 GO:0044437 GO:0044446 GO:0005773 GO:0005623 GO:0044424 GO:0016020 GO:0043227 GO:0005575 GO:0005737 GO:0043231 GO:0043226 GO:0044464 GO:0031090
AT4G18780;GO:0042742;GO:0042742;defense response to bacterium;GO:0043207 GO:0042742 GO:0051707 GO:0050896 GO:0009617 GO:0006952 GO:0009607 GO:0051704 GO:0006950 GO:0009605 GO:0008150
AT4G18780;GO:0042742;GO:0042742;defense response to bacterium;GO:0043207 GO:0042742 GO:0051707 GO:0050896 GO:0009617 GO:0006952 GO:0009607 GO:0051704 GO:0006950 GO:0009605 GO:0008150
AT4G18780;GO:0042742;GO:0042742;defense response to bacterium;GO:0043207 GO:0042742 GO:0051707 GO:0050896 GO:0009617 GO:0006952 GO:0009607 GO:0051704 GO:0006950 GO:0009605 GO:0008150
AT4G18780;GO:0042742;GO:0042742;defense response to bacterium;GO:0043207 GO:0042742 GO:0051707 GO:0050896 GO:0009617 GO:0006952 GO:0009607 GO:0051704 GO:0006950 GO:0009605 GO:0008150
AT4G18780;GO:0042742;GO:0042742;defense response to bacterium;GO:0043207 GO:0042742 GO:0051707 GO:0050896 GO:0009617 GO:0006952 GO:0009607 GO:0051704 GO:0006950 GO:0009605 GO:0008150
AT4G18780;GO:0042742;GO:0042742;defense response to bacterium;GO:0043207 GO:0042742 GO:0051707 GO:0050896 GO:0009617 GO:0006952 GO:0009607 GO:0051704 GO:0006950 GO:0009605 GO:0008150
AT4G19230;GO:0009055;GO:0009055;electron carrier activity;GO:0003674 GO:0009055
AT4G19600;GO:0000394;GO:0000394;RNA splicing, via endonucleolytic cleavage and ligation;GO:0046483 GO:0043170 GO:0044237 GO:0006396 GO:0008152 GO:0006725 GO:0006139 GO:0000394 GO:0008380 GO:0016070 GO:0009987 GO:0034641 GO:0006807 GO:0010467 GO:0044238 GO:0044260 GO:0008150
AT4G20140;GO:0005524;GO:0005524;ATP binding;GO:0000166 GO:0032553 GO:0043167 GO:0032550 GO:0005488 GO:0043168 GO:0032559 GO:0005524 GO:0030554 GO:0032549 GO:0001882 GO:0032555 GO:0003674 GO:0017076
AT4G20370;GO:0005575;GO:0005575;cellular_component;GO:0005575
AT1G01420;GO:0016757;GO:0016757;transferase activity, transferring glycosyl groups;GO:0008152 GO:0003824 GO:0016740 GO:0016757 GO:0003674 GO:0008150
AT4G24280;GO:0006457;GO:0006457;protein folding;GO:0009987 GO:0006457 GO:0008150
AT4G25420;GO:0009908;GO:0009908;flower development;GO:0032501 GO:0048856 GO:0009791 GO:0007275 GO:0000003 GO:0032502 GO:0009908 GO:0022414 GO:0008150
AT4G25700;GO:0016123;GO:0016123;xanthophyll biosynthetic process;GO:0046148 GO:0009987 GO:0008610 GO:0009058 GO:0016122 GO:0008152 GO:0044237 GO:0006629 GO:0044238 GO:0016108 GO:0016114 GO:0008150 GO:0016123 GO:0042440 GO:0008299 GO:0016117 GO:0006721 GO:0044249 GO:0006720 GO:0016116 GO:0044255 GO:0016109
AT4G26080;GO:0009611;GO:0006950;response to stress;GO:0050896 GO:0006950 GO:0008150
AT4G26430;GO:0008180;GO:0043234;protein complex;GO:0043229 GO:0044422 GO:0044428 GO:0005622 GO:0044446 GO:0032991 GO:0043234 GO:0044424 GO:0043227 GO:0043231 GO:0005623 GO:0043226 GO:0044464 GO:0005575 GO:0005634
AT4G26840;GO:0005737;GO:0005737;cytoplasm;GO:0005622 GO:0044424 GO:0005737 GO:0005623 GO:0044464 GO:0005575
AT4G32410;GO:0006972;GO:0006970;response to osmotic stress;GO:0006950 GO:0050896 GO:0006970 GO:0009628 GO:0008150
AT4G32410;GO:0006972;GO:0006970;response to osmotic stress;GO:0006950 GO:0050896 GO:0006970 GO:0009628 GO:0008150
AT4G32410;GO:0006972;GO:0006970;response to osmotic stress;GO:0006950 GO:0050896 GO:0006970 GO:0009628 GO:0008150
AT4G32410;GO:0006972;GO:0006970;response to osmotic stress;GO:0006950 GO:0050896 GO:0006970 GO:0009628 GO:0008150
AT4G32410;GO:0006972;GO:0006970;response to osmotic stress;GO:0006950 GO:0050896 GO:0006970 GO:0009628 GO:0008150
AT4G32540;GO:0010229;GO:0009791;post-embryonic development;GO:0032501 GO:0048856 GO:0009791 GO:0007275 GO:0000003 GO:0032502 GO:0022414 GO:0008150
AT4G32730;GO:0006355;GO:0006355;regulation of transcription, DNA-templated;GO:0097659 GO:0043170 GO:0006351 GO:0009987 GO:0006139 GO:0050789 GO:0034641 GO:0050794 GO:0060255 GO:0010467 GO:0031323 GO:0009058 GO:0046483 GO:0008152 GO:0044237 GO:0051252 GO:0006355 GO:0009889 GO:0044271 GO:0016070 GO:0019438 GO:0018130 GO:0044238 GO:0008150 GO:0009059 GO:0019222 GO:0010556 GO:0006807 GO:0019219 GO:0010468 GO:0051171 GO:0006725 GO:0044249 GO:0065007 GO:0034654 GO:0044260 GO:0031326
AT4G34160;GO:0042127;GO:0042127;regulation of cell proliferation;GO:0009987 GO:0050789 GO:0065007 GO:0050794 GO:0042127 GO:0008283 GO:0008150
AT4G36380;GO:0055114;GO:0055114;oxidation-reduction process;GO:0055114 GO:0008152 GO:0008150
AT4G38190;GO:0030244;GO:0030244;cellulose biosynthetic process;GO:0051274 GO:0043170 GO:0000271 GO:0009987 GO:0009058 GO:0016051 GO:0033692 GO:0051273 GO:0044042 GO:0008152 GO:0044237 GO:0030244 GO:0044262 GO:0005975 GO:0044238 GO:0008150 GO:0009059 GO:0006073 GO:0030243 GO:0009250 GO:0044249 GO:0044260 GO:0044264 GO:0005976
AT4G38190;GO:0030244;GO:0030244;cellulose biosynthetic process;GO:0051274 GO:0043170 GO:0000271 GO:0009987 GO:0009058 GO:0016051 GO:0033692 GO:0051273 GO:0044042 GO:0008152 GO:0044237 GO:0030244 GO:0044262 GO:0005975 GO:0044238 GO:0008150 GO:0009059 GO:0006073 GO:0030243 GO:0009250 GO:0044249 GO:0044260 GO:0044264 GO:0005976
AT4G38190;GO:0030244;GO:0030244;cellulose biosynthetic process;GO:0051274 GO:0043170 GO:0000271 GO:0009987 GO:0009058 GO:0016051 GO:0033692 GO:0051273 GO:0044042 GO:0008152 GO:0044237 GO:0030244 GO:0044262 GO:0005975 GO:0044238 GO:0008150 GO:0009059 GO:0006073 GO:0030243 GO:0009250 GO:0044249 GO:0044260 GO:0044264 GO:0005976
AT4G38190;GO:0030244;GO:0030244;cellulose biosynthetic process;GO:0051274 GO:0043170 GO:0000271 GO:0009987 GO:0009058 GO:0016051 GO:0033692 GO:0051273 GO:0044042 GO:0008152 GO:0044237 GO:0030244 GO:0044262 GO:0005975 GO:0044238 GO:0008150 GO:0009059 GO:0006073 GO:0030243 GO:0009250 GO:0044249 GO:0044260 GO:0044264 GO:0005976
AT4G39350;GO:0005886;GO:0005886;plasma membrane;GO:0005575 GO:0016020 GO:0044464 GO:0005623 GO:0005886
AT4G39350;GO:0005886;GO:0005886;plasma membrane;GO:0005575 GO:0016020 GO:0044464 GO:0005623 GO:0005886
AT4G39350;GO:0005886;GO:0005886;plasma membrane;GO:0005575 GO:0016020 GO:0044464 GO:0005623 GO:0005886
AT5G05170;GO:0030244;GO:0030244;cellulose biosynthetic process;GO:0051274 GO:0043170 GO:0000271 GO:0009987 GO:0009058 GO:0016051 GO:0033692 GO:0051273 GO:0044042 GO:0008152 GO:0044237 GO:0030244 GO:0044262 GO:0005975 GO:0044238 GO:0008150 GO:0009059 GO:0006073 GO:0030243 GO:0009250 GO:0044249 GO:0044260 GO:0044264 GO:0005976
AT5G05170;GO:0030244;GO:0030244;cellulose biosynthetic process;GO:0051274 GO:0043170 GO:0000271 GO:0009987 GO:0009058 GO:0016051 GO:0033692 GO:0051273 GO:0044042 GO:0008152 GO:0044237 GO:0030244 GO:0044262 GO:0005975 GO:0044238 GO:0008150 GO:0009059 GO:0006073 GO:0030243 GO:0009250 GO:0044249 GO:0044260 GO:0044264 GO:0005976
AT5G07290;GO:0003723;GO:0003723;RNA binding;GO:0003676 GO:0003674 GO:0003723 GO:0005488
AT5G09350;GO:0009507;GO:0009536;plastid;GO:0043229 GO:0044444 GO:0005622 GO:0009536 GO:0044424 GO:0043227 GO:0005575 GO:0005737 GO:0005623 GO:0043226 GO:0044464 GO:0043231
AT5G10140;GO:0003700;GO:0003700;transcription factor activity, sequence-specific DNA binding;GO:0001071 GO:0097659 GO:0043170 GO:0006351 GO:0006139 GO:0009987 GO:0050789 GO:0034641 GO:0050794 GO:0060255 GO:0010467 GO:0031323 GO:0009058 GO:0046483 GO:0008152 GO:0044237 GO:0051252 GO:0006355 GO:0009889 GO:0044271 GO:0016070 GO:0019438 GO:0018130 GO:0044238 GO:0003674 GO:0008150 GO:0009059 GO:0019222 GO:0003700 GO:0010556 GO:0006807 GO:0019219 GO:0010468 GO:0051171 GO:0006725 GO:0044249 GO:0065007 GO:0034654 GO:0044260 GO:0031326
AT5G14750;GO:0005515;GO:0005515;protein binding;GO:0003674 GO:0005488 GO:0005515
AT5G16830;GO:0006886;GO:0006886;intracellular protein transport;GO:0006886 GO:0045184 GO:0051234 GO:0051649 GO:0051641 GO:0033036 GO:0046907 GO:0008104 GO:0051179 GO:0006810 GO:0015031 GO:0008150
AT5G17420;GO:0010400;GO:0044264;cellular polysaccharide metabolic process;GO:0071555 GO:0045488 GO:0045229 GO:0043170 GO:0044237 GO:0008152 GO:0009987 GO:0071554 GO:0016043 GO:0044262 GO:0005975 GO:0044238 GO:0044260 GO:0044264 GO:0005976 GO:0008150
AT5G17880;GO:0010114;GO:0009416;response to light stimulus;GO:0009314 GO:0050896 GO:0009416 GO:0009628 GO:0008150
AT5G17880;GO:0010114;GO:0009416;response to light stimulus;GO:0009314 GO:0050896 GO:0009416 GO:0009628 GO:0008150
AT5G19770;GO:0051258;GO:0051258;protein polymerization;GO:0022607 GO:0016043 GO:0044085 GO:0009987 GO:0051258 GO:0043933 GO:0006461 GO:0065003 GO:0070271 GO:0034622 GO:0043623 GO:0008150
AT5G20240;GO:0046983;GO:0046983;protein dimerization activity;GO:0046983 GO:0003674 GO:0005488 GO:0005515
AT5G20240;GO:0046983;GO:0046983;protein dimerization activity;GO:0046983 GO:0003674 GO:0005488 GO:0005515
AT5G23260;GO:0005515;GO:0005515;protein binding;GO:0003674 GO:0005488 GO:0005515
AT5G40410;GO:0005739;GO:0005739;mitochondrion;GO:0043229 GO:0044444 GO:0005622 GO:0005739 GO:0044424 GO:0043227 GO:0005575 GO:0005737 GO:0005623 GO:0043226 GO:0044464 GO:0043231
AT5G44340;GO:0007018;GO:0007017;microtubule-based process;GO:0009987 GO:0007017 GO:0006928 GO:0008150
AT5G44340;GO:0007018;GO:0007017;microtubule-based process;GO:0009987 GO:0007017 GO:0006928 GO:0008150
AT5G44870;GO:0043531;GO:0032550;purine ribonucleoside binding;GO:0000166 GO:0032553 GO:0043167 GO:0032550 GO:0005488 GO:0043168 GO:0032559 GO:0030554 GO:0032549 GO:0001882 GO:0032555 GO:0003674 GO:0017076
AT5G62690;GO:0006184;old GO;no_name;GO:0006184 choose one of this GO :['GO:0003924']
AT1G01610;GO:0000038;GO:0000038;very long-chain fatty acid metabolic process;GO:0044281 GO:0008152 GO:0019752 GO:0044237 GO:0032787 GO:0006629 GO:0009987 GO:0044238 GO:0006631 GO:0043436 GO:0044255 GO:0006082 GO:0000038 GO:0008150
AT1G09795;GO:0003879;GO:0003879;ATP phosphoribosyltransferase activity;GO:0008152 GO:0016763 GO:0003879 GO:0016740 GO:0003824 GO:0016757 GO:0003674 GO:0008150
AT1G12110;GO:0015706;GO:0015706;nitrate transport;GO:0051234 GO:0015706 GO:0006820 GO:0051179 GO:0006811 GO:0006810 GO:0015698 GO:0008150
AT1G12110;GO:0015706;GO:0015706;nitrate transport;GO:0051234 GO:0015706 GO:0006820 GO:0051179 GO:0006811 GO:0006810 GO:0015698 GO:0008150
AT1G13180;GO:0007015;GO:0007015;actin filament organization;GO:0016043 GO:0009987 GO:0007010 GO:0007015 GO:0043933 GO:0006996 GO:0008150
AT1G13180;GO:0007015;GO:0007015;actin filament organization;GO:0016043 GO:0009987 GO:0007010 GO:0007015 GO:0043933 GO:0006996 GO:0008150
AT1G02280;GO:0009941;GO:0044434;chloroplast part;GO:0043229 GO:0044422 GO:0044444 GO:0044435 GO:0005622 GO:0044446 GO:0009536 GO:0005623 GO:0044434 GO:0044424 GO:0043227 GO:0005575 GO:0005737 GO:0031975 GO:0043226 GO:0044464 GO:0043231 GO:0031967
AT1G13180;GO:0007015;GO:0007015;actin filament organization;GO:0016043 GO:0009987 GO:0007010 GO:0007015 GO:0043933 GO:0006996 GO:0008150
AT1G13710;GO:0005783;GO:0005783;endoplasmic reticulum;GO:0012505 GO:0043229 GO:0044444 GO:0005622 GO:0044424 GO:0043227 GO:0005575 GO:0005737 GO:0005623 GO:0044464 GO:0043226 GO:0005783 GO:0043231
AT1G15510;GO:0009451;GO:0009451;RNA modification;GO:0046483 GO:0043170 GO:0044237 GO:0008152 GO:0006725 GO:0006139 GO:0009987 GO:0016070 GO:0006807 GO:0034641 GO:0043412 GO:0044238 GO:0009451 GO:0044260 GO:0008150
AT1G15550;GO:0005506;GO:0005506;iron ion binding;GO:0043167 GO:0046872 GO:0005488 GO:0043169 GO:0046914 GO:0003674 GO:0005506
AT1G15550;GO:0005506;GO:0005506;iron ion binding;GO:0043167 GO:0046872 GO:0005488 GO:0043169 GO:0046914 GO:0003674 GO:0005506
AT1G02730;GO:0042546;GO:0042546;cell wall biogenesis;GO:0008150 GO:0042546 GO:0009987 GO:0044085 GO:0071554
AT1G15750;GO:0005829;GO:0005829;cytosol;GO:0005622 GO:0044444 GO:0044424 GO:0005829 GO:0005737 GO:0005623 GO:0044464 GO:0005575
AT1G15950;GO:0016621;GO:0016620;oxidoreductase activity, acting on the aldehyde or oxo group of donors, NAD or NADP as acceptor;GO:0008152 GO:0055114 GO:0016620 GO:0016903 GO:0003824 GO:0016491 GO:0003674 GO:0008150
AT1G15950;GO:0016621;GO:0016620;oxidoreductase activity, acting on the aldehyde or oxo group of donors, NAD or NADP as acceptor;GO:0008152 GO:0055114 GO:0016620 GO:0016903 GO:0003824 GO:0016491 GO:0003674 GO:0008150
AT1G16400;GO:0005506;GO:0005506;iron ion binding;GO:0043167 GO:0046872 GO:0005488 GO:0043169 GO:0046914 GO:0003674 GO:0005506
AT1G17260;GO:0016021;GO:0016021;integral component of membrane;GO:0016020 GO:0031224 GO:0016021 GO:0044425 GO:0005575
AT1G17840;GO:0017111;GO:0017111;nucleoside-triphosphatase activity;GO:0017111 GO:0008152 GO:0016787 GO:0016818 GO:0016817 GO:0003824 GO:0016462 GO:0003674 GO:0008150
AT1G18450;GO:0048573;GO:0022414;reproductive process;GO:0032501 GO:0009628 GO:0048856 GO:0009314 GO:0050896 GO:0009791 GO:0007275 GO:0032502 GO:0009416 GO:0022414 GO:0000003 GO:0008150
AT1G18450;GO:0048573;GO:0022414;reproductive process;GO:0032501 GO:0009628 GO:0048856 GO:0009314 GO:0050896 GO:0009791 GO:0007275 GO:0032502 GO:0009416 GO:0022414 GO:0000003 GO:0008150
AT1G02730;GO:0042546;GO:0042546;cell wall biogenesis;GO:0008150 GO:0042546 GO:0009987 GO:0044085 GO:0071554
AT1G19850;GO:0016246;GO:0016458;gene silencing;GO:0016458 GO:0043170 GO:0009892 GO:0040029 GO:0008152 GO:0010468 GO:0019222 GO:0009987 GO:0050789 GO:0065007 GO:0060255 GO:0010467 GO:0048519 GO:0008150
AT1G21430;GO:0050661;GO:0050662;coenzyme binding;GO:0048037 GO:0050662 GO:0003674 GO:0000166 GO:0005488
AT1G21430;GO:0050661;GO:0050662;coenzyme binding;GO:0048037 GO:0050662 GO:0003674 GO:0000166 GO:0005488
AT1G21430;GO:0050661;GO:0050662;coenzyme binding;GO:0048037 GO:0050662 GO:0003674 GO:0000166 GO:0005488
AT1G22260;GO:0000795;GO:0044454;nuclear chromosome part;GO:0043229 GO:0044422 GO:0044428 GO:0043232 GO:0005622 GO:0044446 GO:0044454 GO:0000228 GO:0005694 GO:0044424 GO:0043227 GO:0005575 GO:0044427 GO:0005623 GO:0043228 GO:0043226 GO:0044464 GO:0043231 GO:0005634
AT1G22710;GO:0005886;GO:0005886;plasma membrane;GO:0005575 GO:0016020 GO:0044464 GO:0005623 GO:0005886
AT1G22710;GO:0005886;GO:0005886;plasma membrane;GO:0005575 GO:0016020 GO:0044464 GO:0005623 GO:0005886
AT1G22920;GO:0009640;GO:0009791;post-embryonic development;GO:0032501 GO:0009628 GO:0009314 GO:0008150 GO:0009791 GO:0050896 GO:0032502 GO:0009416 GO:0007275
AT1G23420;GO:0003700;GO:0003700;transcription factor activity, sequence-specific DNA binding;GO:0001071 GO:0097659 GO:0043170 GO:0006351 GO:0006139 GO:0009987 GO:0050789 GO:0034641 GO:0050794 GO:0060255 GO:0010467 GO:0031323 GO:0009058 GO:0046483 GO:0008152 GO:0044237 GO:0051252 GO:0006355 GO:0009889 GO:0044271 GO:0016070 GO:0019438 GO:0018130 GO:0044238 GO:0003674 GO:0008150 GO:0009059 GO:0019222 GO:0003700 GO:0010556 GO:0006807 GO:0019219 GO:0010468 GO:0051171 GO:0006725 GO:0044249 GO:0065007 GO:0034654 GO:0044260 GO:0031326
AT1G02730;GO:0042546;GO:0042546;cell wall biogenesis;GO:0008150 GO:0042546 GO:0009987 GO:0044085 GO:0071554
AT1G23820;GO:0005515;GO:0005515;protein binding;GO:0003674 GO:0005488 GO:0005515
